,name
Abby,2
Ace,1
Acro,1
Adele,1
Aiden,1
Aja,1
Akumi,1
Al,1
Albert,2
Albus,2
Aldrick,1
Alejandro,1
Alexander,1
Alexanderson,1
Alf,1
Alfie,5
Alfy,1
Alice,2
Amber,1
Ambrose,1
Amy,1
Amélie,1
Anakin,2
Andru,1
Andy,1
Angel,1
Anna,1
Anthony,1
Antony,1
Apollo,1
Aqua,1
Archie,4
Arlen,1
Arlo,1
Arnie,3
Arnold,1
Arya,1
Ash,2
Asher,1
Ashleigh,1
Aspen,2
Astrid,2
Atlas,2
Atticus,2
Aubie,1
Augie,1
Autumn,1
Ava,2
Axel,2
Bailey,7
Baloo,2
Balto,2
Banditt,1
Banjo,1
Barclay,1
Barney,1
Baron,1
Barry,1
Batdog,1
Bauer,1
Baxter,2
Bayley,1
BeBe,1
Bear,4
Beau,4
Beckham,1
Beebop,1
Beemo,1
Bell,2
Bella,6
Belle,2
Ben,1
Benedict,2
Benji,2
Benny,1
Bentley,5
Berb,1
Berkeley,1
Bernie,2
Bert,1
Bertson,1
Betty,2
Beya,1
Biden,1
Bilbo,1
Billl,1
Billy,1
Binky,1
Birf,1
Bisquick,2
Blakely,1
Blanket,1
Blipson,1
Blitz,2
Bloo,1
Bloop,1
Blu,1
Blue,1
Bluebert,1
Bo,9
Bob,2
Bobb,1
Bobbay,1
Bobble,1
Bobby,1
Bode,1
Bodie,1
Bonaparte,1
Bones,1
Bookstore,1
Boomer,4
Boots,1
Boston,1
Bowie,1
Brad,2
Bradlay,1
Bradley,1
Brady,1
Brandi,1
Brandonald,1
Brandy,1
Brat,1
Brian,1
Brockly,1
Brody,4
Bronte,1
Brooks,1
Brownie,1
Bruce,4
Brudge,1
Bruiser,1
Bruno,1
Brutus,1
Bubba,1
Bubbles,2
Buckley,1
Buddah,1
Buddy,7
Bungalo,2
Burt,1
Butter,2
Butters,1
Cal,1
Calbert,2
Cali,2
Callie,1
Calvin,3
Canela,2
Cannon,1
Carbon,1
Carl,4
Carll,1
Carly,2
Carper,1
Carter,1
Caryl,1
Cash,2
Cassie,4
CeCe,2
Cecil,1
Cedrick,1
Cermet,1
Chadrick,1
Champ,1
Charl,1
Charles,2
Charleson,1
Charlie,12
Chase,1
Chaz,1
Cheesy,1
Chef,1
Chelsea,2
Cheryl,1
Chesney,1
Chester,5
Chesterson,1
Chet,2
Chevy,1
Chip,4
Chipson,2
Chloe,1
Chompsky,2
Christoper,1
Chubbs,1
Chuck,1
Chuckles,2
Chuq,1
Churlie,2
Cilantro,1
Clarence,4
Clark,4
Clarkus,1
Clarq,1
Claude,1
Cleopatricia,1
Clifford,1
Clybe,1
Clyde,1
Coco,3
Cody,2
Colby,3
Coleman,1
Colin,1
Combo,1
Comet,1
Cooper,11
Coops,2
Coopson,1
Cora,1
Corey,1
Covach,1
Craig,1
Crawford,1
Creg,1
Crimson,1
Crouton,1
Crumpet,1
Crystal,2
Cuddles,1
Cupcake,2
Cupid,1
Curtis,2
Daisy,7
Dakota,2
Dale,1
Dallas,1
Damon,1
Daniel,1
Danny,1
Dante,1
Darby,1
Darla,1
Darrel,1
Dash,2
Dave,6
Davey,2
Dawn,2
DayZ,1
Deacon,1
Derby,1
Derek,4
Devón,1
Dewey,1
Dex,1
Dexter,4
Dido,1
Dietrich,1
Diogi,1
Divine,1
Dixie,1
Django,2
Dobby,1
Doc,2
DonDon,1
Donny,1
Doobert,1
Dook,1
Dot,1
Dotsy,1
Doug,3
Duchess,1
Duddles,1
Dudley,1
Dug,1
Duke,4
Dunkin,1
Durg,1
Dutch,1
Dwight,1
Dylan,1
Earl,3
Eazy,1
Ebby,1
Ed,1
Edd,1
Edgar,1
Edmund,1
Eevee,1
Einstein,1
Eleanor,1
Eli,2
Ellie,3
Elliot,2
Emanuel,1
Ember,1
Emma,1
Emmie,1
Emmy,2
Enchilada,1
Erik,1
Eriq,1
Ester,1
Eugene,1
Eve,2
Evy,1
Fabio,1
Farfle,1
Ferg,1
Fido,1
Fiji,1
Fillup,1
Filup,1
Finley,2
Finn,5
Finnegus,1
Fiona,2
Fizz,2
Flash,1
Fletcher,1
Florence,1
Flurpson,1
Flávio,2
Frank,2
Frankie,3
Franklin,2
Franq,1
Fred,2
Freddery,1
Frönq,1
Furzey,1
Fwed,1
Fynn,1
Gabby,1
Gabe,2
Gary,4
General,1
Genevieve,1
Geno,1
Geoff,1
George,5
Georgie,1
Gerald,4
Gerbald,1
Gert,1
Gidget,2
Gilbert,1
Gin,1
Ginger,1
Gizmo,3
Glacier,1
Glenn,1
Godi,1
Godzilla,1
Goliath,1
Goose,1
Gordon,1
Grady,1
Grey,1
Griffin,2
Griswold,1
Grizz,1
Grizzie,1
Grizzwald,1
Gromit,2
Gunner,1
Gus,5
Gustaf,1
Gustav,1
Gòrdón,1
Hall,1
Halo,1
Hammond,2
Hamrick,1
Hank,4
Hanz,1
Happy,2
Harlso,1
Harnold,1
Harold,2
Harper,2
Harrison,1
Harry,1
Harvey,1
Hazel,1
Hector,1
Heinrich,1
Henry,1
Herald,2
Herb,1
Hercules,2
Herm,2
Hermione,1
Hero,1
Herschel,2
Hobbes,2
Holly,1
Horace,1
Howie,1
Hubertson,1
Huck,1
Humphrey,1
Hunter,2
Hurley,2
Huxley,1
Iggy,1
Ike,1
Indie,2
Iroh,1
Ito,1
Ivar,1
Izzy,1
JD,1
Jack,6
Jackie,1
Jackson,2
Jameson,1
Jamesy,2
Jangle,1
Jareld,1
Jarod,1
Jarvis,1
Jaspers,1
Jax,6
Jay,1
Jaycob,1
Jazz,1
Jazzy,1
Jeb,1
Jebberson,1
Jed,1
Jeffrey,4
Jeffri,1
Jeffrie,1
Jennifur,1
Jeph,2
Jeremy,1
Jerome,1
Jerry,4
Jersey,1
Jesse,2
Jessifer,1
Jessiga,1
Jett,1
Jim,1
Jimbo,1
Jiminus,1
Jiminy,2
Jimison,2
Jimothy,3
Jo,1
Jockson,1
Joey,1
Jomathan,1
Jonah,1
Jordy,1
Josep,1
Joshwa,1
Juckson,1
Julio,1
Julius,1
Juno,2
Kaia,1
Kaiya,1
Kallie,1
Kane,1
Kanu,1
Kara,1
Karl,1
Karll,1
Karma,1
Kathmandu,1
Katie,1
Kawhi,1
Kayla,1
Keet,1
Keith,2
Kellogg,1
Ken,2
Kendall,1
Kenneth,2
Kenny,2
Kenzie,1
Keurig,2
Kevin,2
Kevon,1
Kial,1
Kilo,2
Kingsley,1
Kirby,2
Kirk,1
Klein,2
Klevin,3
Kloey,1
Kobe,1
Koda,6
Kody,1
Koko,1
Kollin,1
Kona,1
Kota,1
Kramer,1
Kreg,2
Kreggory,2
Kulet,1
Kuyu,1
Kyle,3
Kyro,2
Lacy,1
Laela,1
Laika,1
Lambeau,1
Lance,1
Larry,5
Lassie,1
Layla,2
Leela,2
Lennon,2
Lenny,2
Lenox,1
Leo,6
Leonard,1
Leonidas,1
Levi,2
Liam,1
Lilah,1
Lili,1
Lilli,1
Lillie,1
Lilly,2
Lily,3
Lincoln,2
Linda,2
Link,1
Linus,1
Lipton,1
Livvie,1
Lizzie,1
Logan,2
Loki,4
Lola,10
Lolo,1
Longfellow,1
Loomis,1
Lorelei,1
Lorenzo,3
Lou,2
Louie,3
Louis,5
Luca,2
Lucia,1
Lucky,1
Lucy,11
Lugan,1
Lulu,1
Luna,4
Lupe,1
Luther,1
Mabel,1
Mac,1
Mack,1
Maddie,4
Maggie,4
Mairi,1
Maisey,1
Major,1
Maks,1
Malcolm,3
Malikai,1
Margo,1
Mark,1
Marlee,1
Marley,2
Marq,1
Marty,1
Marvin,1
Mary,1
Mason,1
Mattie,2
Maude,1
Mauve,1
Max,3
Maxaroni,2
Maximus,4
Maxwell,1
Maya,1
Meatball,1
Meera,1
Meyer,2
Mia,3
Michelangelope,1
Miguel,1
Mike,1
Miley,1
Milky,1
Millie,1
Milo,6
Mimosa,1
Mingus,1
Mister,2
Misty,2
Mitch,1
Mo,1
Moe,2
Mojo,1
Mollie,1
Molly,1
Mona,1
Monkey,1
Monster,1
Monty,1
Moofasa,1
Mookie,1
Moose,4
Moreton,2
Mosby,1
Murphy,1
Mutt,1
Mya,1
Nala,3
Naphaniel,1
Napolean,1
Nelly,2
Neptune,2
Newt,1
Nico,1
Nida,1
Nigel,1
Nimbus,1
Noah,1
Nollie,2
None,745
Noosh,1
Norman,1
Nugget,1
O,1
Oakley,5
Obi,1
Obie,1
Oddie,1
Odie,2
Odin,1
Olaf,1
Ole,1
Olive,3
Oliver,11
Olivia,2
Oliviér,2
Ollie,2
Opal,2
Opie,1
Oreo,1
Orion,1
Oscar,6
Oshie,2
Otis,3
Ozzie,1
Ozzy,2
Pablo,2
Paisley,3
Pancake,1
Panda,2
Patch,1
Patrick,2
Paull,2
Pavlov,1
Pawnd,1
Peaches,3
Peanut,1
Penelope,2
Penny,10
Pepper,1
Percy,2
Perry,1
Pete,1
Petrick,1
Pherb,1
Phil,5
Philbert,2
Philippe,1
Phineas,2
Phred,2
Pickles,2
Pilot,1
Pinot,1
Pip,1
Piper,2
Pippa,2
Pippin,1
Pipsy,2
Pluto,1
Poppy,1
Pubert,1
Puff,1
Pumpkin,1
Pupcasso,1
Quinn,2
Ralf,1
Ralph,1
Ralpher,1
Ralphie,1
Ralphson,1
Ralphus,1
Ralphy,1
Ralphé,1
Rambo,1
Randall,1
Raphael,1
Rascal,1
Raymond,2
Reagan,1
Reese,3
Reggie,4
Reginald,4
Remington,2
Remus,1
Remy,1
Reptar,1
Rey,1
Rhino,1
Richie,1
Ricky,1
Ridley,1
Riley,4
Rilo,1
Rinna,1
River,1
Rizzo,1
Rizzy,2
Robin,1
Rocco,2
Rocky,2
Rodman,1
Rodney,1
Rolf,1
Romeo,2
Ron,1
Ronduh,1
Ronnie,1
Rontu,1
Rooney,1
Roosevelt,2
Rorie,1
Rory,3
Roscoe,1
Rose,1
Rosie,3
Rover,1
Rubio,2
Ruby,4
Rudy,1
Rueben,1
Ruffles,1
Rufio,1
Rufus,2
Rumble,1
Rumpole,1
Rupert,1
Rusty,6
Sadie,8
Sage,1
Sailer,1
Sailor,1
Sam,2
Sammy,5
Sampson,4
Samsom,1
Samson,3
Sandra,1
Sandy,2
Sansa,2
Sarge,2
Saydee,1
Schnitzel,1
Schnozz,1
Scooter,4
Scott,1
Scout,6
Scruffers,1
Seamus,2
Sebastian,3
Sephie,1
Severus,1
Shadoe,1
Shadow,4
Shaggy,2
Shakespeare,1
Shawwn,1
Shelby,1
Shikha,1
Shiloh,1
Shnuggles,1
Shooter,1
Siba,1
Sid,1
Sierra,2
Simba,1
Skittle,1
Skittles,1
Sky,1
Skye,1
Smiley,1
Smokey,2
Snickers,1
Snicku,1
Snoop,1
Snoopy,1
Sobe,1
Socks,1
Sojourner,1
Solomon,2
Sonny,1
Sophie,4
Sora,1
Spanky,1
Spark,1
Sparky,1
Spencer,1
Sprinkles,1
Sprout,1
Staniel,1
Stanley,6
Stark,1
Stefan,1
Stella,1
Stephan,2
Stephanus,1
Steve,1
Steven,3
Stewie,1
Storkson,1
Stormy,1
Strider,1
Striker,1
Strudel,1
Stu,1
Stuart,1
Stubert,2
Sugar,2
Suki,1
Sully,1
Sundance,1
Sunny,5
Sunshine,1
Superpup,1
Swagger,1
Sweet,1
Sweets,1
Taco,1
Tango,1
Tanner,1
Tassy,1
Tater,1
Tayzie,1
Taz,1
Tebow,1
Ted,3
Tedders,1
Teddy,1
Tedrick,1
Terrance,2
Terrenth,1
Terry,2
Tess,1
Tessa,1
Theo,1
Theodore,2
Thor,1
Thumas,2
Tiger,1
Tilly,1
Timber,1
Timison,2
Timmy,1
Timofy,1
Tino,1
Titan,2
Tito,1
Tobi,1
Toby,7
Todo,1
Toffee,1
Tom,1
Tommy,1
Tonks,1
Torque,1
Tove,1
Travis,1
Traviss,1
Trevith,1
Trigger,1
Trip,1
Tripp,1
Trooper,2
Tuck,1
Tucker,10
Tuco,1
Tug,1
Tupawc,1
Tycho,1
Tyr,2
Tyrone,2
Tyrus,1
Ulysses,1
Venti,1
Vince,1
Vincent,3
Vinnie,1
Vinscent,1
Vixen,1
Wafer,1
Waffles,3
Walker,1
Wallace,3
Wally,2
Walter,4
Watson,2
Wesley,1
Wiggles,1
Willem,1
William,1
Willie,1
Willow,1
Willy,1
Wilson,3
Winifred,1
Winnie,4
Winston,9
Wishes,1
Wyatt,3
Yoda,1
Yogi,2
Yukon,1
Zara,1
Zeek,1
Zeke,3
Zeus,1
Ziva,1
Zoe,1
Zoey,3
Zooey,1
Zuzu,1
a,55
actually,2
all,1
an,7
by,1
getting,2
his,1
incredibly,1
infuriating,1
just,4
life,1
light,1
mad,2
my,1
not,2
officially,1
old,1
one,4
quite,4
space,1
such,1
the,8
this,1
unacceptable,1
very,5
